simulation_condition,year,target_condition,ball_offset_before_last,comparison_scope,n_pitchers,total_pitches_used,mean_pitches_per_pitcher,mean_original_model_output,mean_max_increase_delta,mean_max_decrease_delta,mean_max_increase_magnitude,mean_max_decrease_magnitude,mean_extreme_output_range
sim1_act,2022,final_pitch,0,all_candidates,45,14822,329.3777777777778,0.5511603527949063,0.32231215492586174,-0.133528587471284,0.3225178447816804,0.18878583776834731,0.4558407423971458
sim1_act,2022,final_pitch,0,same_course_pitch_type_change,45,7120,158.22222222222223,0.696527394223376,0.11001837975977267,-0.06283502510686832,0.12403507110500271,0.10562306425706508,0.172853404866641
sim1_act,2022,final_pitch,0,same_pitch_type_course_change,45,14755,327.8888888888889,0.551355836345787,0.2557378957776162,0.007790881832320027,0.25762359143162855,0.09292516638723393,0.24794701394529614
sim1_act,2023,final_pitch,0,all_candidates,44,14399,327.25,0.5719846105135091,0.3285928624661487,-0.11659876917565386,0.32881091261296397,0.19011044369294589,0.44519163164180253
sim1_act,2023,final_pitch,0,same_course_pitch_type_change,44,6874,156.22727272727272,0.7522730428607646,0.09012724149158324,-0.07585892777256358,0.10654799144037033,0.1082071112700845,0.16598616926414683
sim1_act,2023,final_pitch,0,same_pitch_type_course_change,44,14376,326.72727272727275,0.571868111499801,0.2741710578502286,0.040143276575463654,0.2757627732808138,0.08281510205592678,0.23402778127476498
sim1_act,2024,final_pitch,0,all_candidates,58,18203,313.8448275862069,0.5861071769528571,0.3083425995730947,-0.13290034691839742,0.3085228496144688,0.19485501890363852,0.4412429464914921
sim1_act,2024,final_pitch,0,same_course_pitch_type_change,58,8764,151.10344827586206,0.7459810728679495,0.09194675726730042,-0.07769229133437418,0.10604287098752287,0.10603420657427959,0.16963904860167459
sim1_act,2024,final_pitch,0,same_pitch_type_course_change,58,18122,312.44827586206895,0.5861775816329966,0.2534094504942036,0.02214822452845554,0.2550342932531295,0.08493153862954124,0.23126122596574805
sim1_act,2025,final_pitch,0,all_candidates,52,16487,317.0576923076923,0.5863051925831265,0.3237298802624773,-0.14465625610275945,0.32394713938151865,0.20120782415050723,0.46838613636523674
sim1_act,2025,final_pitch,0,same_course_pitch_type_change,52,8011,154.05769230769232,0.7399866971475236,0.10475519705186283,-0.08041234551522368,0.11975152155550048,0.11347709558052019,0.1851675425670865
sim1_act,2025,final_pitch,0,same_pitch_type_course_change,52,16439,316.13461538461536,0.5861719031722263,0.2627093461101533,0.0072315243320191175,0.26472823598892803,0.09611341570375331,0.25547782177813416
sim1_sim,2022,final_pitch,0,all_candidates,45,14822,329.3777777777778,0.5511603527949063,0.3224005082584405,-0.12721662042196782,0.3225972674068955,0.1848390440920385,0.4496171286804083
sim1_sim,2022,final_pitch,0,same_course_pitch_type_change,45,7122,158.26666666666668,0.6965824927122211,0.12406368221082281,-0.08739885778214117,0.13201539934411335,0.11888324398611666,0.211462539992964
sim1_sim,2022,final_pitch,0,same_pitch_type_course_change,45,14822,329.3777777777778,0.5511603527949063,0.2562796564524366,0.01526892956838196,0.2579291045637945,0.08768646602651499,0.2410107268840547
sim1_sim,2023,final_pitch,0,all_candidates,44,14399,327.25,0.5719846105135091,0.33043340834540647,-0.11320921545428267,0.33061361353932606,0.18789825756412729,0.4436426237996891
sim1_sim,2023,final_pitch,0,same_course_pitch_type_change,44,6896,156.72727272727272,0.752115521599513,0.10626962826402503,-0.11001625015852015,0.11471129572316835,0.13325070386086,0.21628587842254518
sim1_sim,2023,final_pitch,0,same_pitch_type_course_change,44,14399,327.25,0.5719846105135091,0.27676307819434326,0.042446133131111875,0.2780042440244912,0.0815769490628777,0.23431694506323134
sim1_sim,2024,final_pitch,0,all_candidates,58,18203,313.8448275862069,0.5861071769528571,0.31092039132140425,-0.13140863680618364,0.31103428380729364,0.1935438834158124,0.44232902812758784
sim1_sim,2024,final_pitch,0,same_course_pitch_type_change,58,8811,151.91379310344828,0.7454917327976202,0.10880952871138294,-0.09785041826961276,0.11592531452952981,0.11969805466673315,0.20665994698099568
sim1_sim,2024,final_pitch,0,same_pitch_type_course_change,58,18203,313.8448275862069,0.5861071769528571,0.2570037238162086,0.0207400628509003,0.25820936738260253,0.08589953761289798,0.23626366096530835
sim1_sim,2025,final_pitch,0,all_candidates,52,16487,317.0576923076923,0.5863051925831265,0.32238077972894696,-0.13954985634503114,0.32261464078699736,0.19683949064418518,0.46193063607397805
sim1_sim,2025,final_pitch,0,same_course_pitch_type_change,52,8068,155.15384615384616,0.7391699892608987,0.11797200821750384,-0.08942699413366807,0.12705627231806346,0.1165589402075035,0.20739900235117192
sim1_sim,2025,final_pitch,0,same_pitch_type_course_change,52,16487,317.0576923076923,0.5863051925831265,0.2652169633208208,0.0069366072266209,0.2669187676337723,0.09577909600008436,0.25828035609419986
sim2_act,2022,preceding_1,1,all_candidates,45,4858,107.95555555555555,0.5724350729658159,0.0832438361906208,-0.0884421467622643,0.08388711119302458,0.08911035097139018,0.1716859829528851
sim2_act,2022,preceding_1,1,same_course_pitch_type_change,45,4768,105.95555555555555,0.5723818430817851,0.030484077517272088,-0.029533297519020996,0.039260018542576304,0.03806938516311537,0.060017375036293084
sim2_act,2022,preceding_1,1,same_pitch_type_course_change,45,4846,107.68888888888888,0.5722227527391938,0.0400909988967693,-0.043302694462437404,0.04387560937880551,0.0471886784111681,0.08339369335920671
sim2_act,2022,preceding_2,2,all_candidates,45,4633,102.95555555555555,0.5656940873225629,0.08250499609016076,-0.0903722891567677,0.08300765516841087,0.09102615845062129,0.17287728524692847
sim2_act,2022,preceding_2,2,same_course_pitch_type_change,45,4528,100.62222222222222,0.5651620631620448,0.029941222984329253,-0.029966197341574446,0.037838770714769224,0.03763574451191991,0.059907420325903696
sim2_act,2022,preceding_2,2,same_pitch_type_course_change,45,4619,102.64444444444445,0.5655879366305798,0.03893359433731748,-0.042927005071970774,0.04252935620258613,0.04662621376781025,0.08186059940928826
sim2_act,2022,preceding_3,3,all_candidates,45,4826,107.24444444444444,0.5614680097259135,0.08258775404207098,-0.09082928839395928,0.08292059518924959,0.0912428332856313,0.17341704243603026
sim2_act,2022,preceding_3,3,same_course_pitch_type_change,45,4725,105.0,0.5604998220188274,0.031275523975991176,-0.02847766589742075,0.03826073011564294,0.036064423879355295,0.059753189873411924
sim2_act,2022,preceding_3,3,same_pitch_type_course_change,45,4810,106.88888888888889,0.5615661332450556,0.03938380200703052,-0.043394832274724855,0.04216408766709694,0.04673414888081144,0.08277863428175537
sim2_act,2022,preceding_4,4,all_candidates,45,3668,81.5111111111111,0.5772185135412133,0.07941306430474165,-0.08472231840941111,0.07980459071498512,0.08512950320403442,0.16413538271415276
sim2_act,2022,preceding_4,4,same_course_pitch_type_change,45,3588,79.73333333333333,0.5766691799570213,0.029187265957165635,-0.027751402174052503,0.03584644300483713,0.0346850211741154,0.05693866813121813
sim2_act,2022,preceding_4,4,same_pitch_type_course_change,45,3655,81.22222222222223,0.577272309500848,0.03725509729063013,-0.04023940370591894,0.03982080276185042,0.04285679833376129,0.07749450099654906
sim2_act,2022,preceding_5,5,all_candidates,45,2096,46.577777777777776,0.5954799059409512,0.07347240751532898,-0.08347577030151379,0.07368540926749842,0.08373646009362341,0.15694817781684275
sim2_act,2022,preceding_5,5,same_course_pitch_type_change,45,2034,45.2,0.5947158886872305,0.02774892619006519,-0.026237175012256884,0.033920595255963096,0.0325964072499341,0.05398610120232208
sim2_act,2022,preceding_5,5,same_pitch_type_course_change,45,2090,46.44444444444444,0.5961880127815679,0.034939462445786204,-0.03871828111721201,0.03689100770766319,0.04111170255736204,0.07365774356299822
sim2_act,2023,preceding_1,1,all_candidates,44,5050,114.77272727272727,0.5962194408155295,0.07034006523668015,-0.07435127676145242,0.07115027629438571,0.07507183457557685,0.14469134199813258
sim2_act,2023,preceding_1,1,same_course_pitch_type_change,44,4930,112.04545454545455,0.5961894690380608,0.025203349594517352,-0.024988390282705084,0.032471258499319984,0.032066021097729776,0.05019173987722243
sim2_act,2023,preceding_1,1,same_pitch_type_course_change,44,5038,114.5,0.5961394401119319,0.034962794029833814,-0.03645930284212761,0.038180442369020774,0.04051783049280527,0.07142209687196142
sim2_act,2023,preceding_2,2,all_candidates,44,4739,107.70454545454545,0.598512189072657,0.06415283738427374,-0.07408837457377804,0.0646990876693474,0.07453753964879563,0.1382412119580518
sim2_act,2023,preceding_2,2,same_course_pitch_type_change,44,4626,105.13636363636364,0.5989385588170261,0.022086407222323003,-0.0257646347094175,0.02934421375715648,0.03202510651922359,0.0478510419317405
sim2_act,2023,preceding_2,2,same_pitch_type_course_change,44,4730,107.5,0.5986637213226813,0.029648618690510706,-0.03709135493743126,0.032639136318977156,0.03970954079018708,0.06673997362794196
sim2_act,2023,preceding_3,3,all_candidates,44,4599,104.52272727272727,0.5952841743796073,0.06539276504145956,-0.07304725524131643,0.06578053712482033,0.07344871858489449,0.138440020282776
sim2_act,2023,preceding_3,3,same_course_pitch_type_change,44,4476,101.72727272727273,0.5948641449264915,0.024846385824571573,-0.024257370680137044,0.031109788127586822,0.030263001628534073,0.049103756504708614
sim2_act,2023,preceding_3,3,same_pitch_type_course_change,44,4592,104.36363636363636,0.5952745936572582,0.030743486162890563,-0.036290440383300475,0.03325768675187122,0.03895884783651649,0.06703392654619103
sim2_act,2023,preceding_4,4,all_candidates,44,3637,82.6590909090909,0.6180632486561278,0.06474363420802677,-0.06856407088250398,0.06499607905482409,0.06896672442447896,0.13330770509053075
sim2_act,2023,preceding_4,4,same_course_pitch_type_change,44,3548,80.63636363636364,0.617895261141406,0.02315540094971822,-0.022930076517533468,0.02912380262946044,0.028954795350816423,0.04608547746725169
sim2_act,2023,preceding_4,4,same_pitch_type_course_change,44,3630,82.5,0.6177019800771156,0.030723822452713646,-0.03412453849435739,0.03278960144349285,0.036531960539764936,0.06484836094707104
sim2_act,2023,preceding_5,5,all_candidates,44,2093,47.56818181818182,0.6432704698984627,0.058523361407797146,-0.07033901361851341,0.05889838624975954,0.07076006626050886,0.12886237502631054
sim2_act,2023,preceding_5,5,same_course_pitch_type_change,44,2021,45.93181818181818,0.6426160733446732,0.02162802551718397,-0.024373621693332514,0.027701259238962498,0.030198465713834197,0.04600164721051649
sim2_act,2023,preceding_5,5,same_pitch_type_course_change,44,2085,47.38636363636363,0.6430267525442704,0.027723918800375304,-0.03284384045389077,0.030009449601090955,0.03520415262063708,0.06056775925426607
sim2_act,2024,preceding_1,1,all_candidates,58,6328,109.10344827586206,0.6085760487302816,0.07258851224152482,-0.06981984600693744,0.07294300217989613,0.07055587192899473,0.14240835824846226
sim2_act,2024,preceding_1,1,same_course_pitch_type_change,58,6179,106.53448275862068,0.6094613863591033,0.027734443482746465,-0.025062926885855333,0.03423302193772682,0.031891747429910994,0.0527973703686018
sim2_act,2024,preceding_1,1,same_pitch_type_course_change,58,6302,108.65517241379311,0.6085100782801398,0.03344248860656541,-0.030591984949859853,0.035961367690743665,0.035032237768706634,0.06403447355642526
sim2_act,2024,preceding_2,2,all_candidates,58,6058,104.44827586206897,0.6064668838442246,0.06713536399382466,-0.06686699160465046,0.06751840637059248,0.06743284771140967,0.13400235559847512
sim2_act,2024,preceding_2,2,same_course_pitch_type_change,58,5876,101.3103448275862,0.6069665321502187,0.02773246956195091,-0.025253186899247677,0.03399959395021273,0.031173996175680167,0.052985656461198585
sim2_act,2024,preceding_2,2,same_pitch_type_course_change,58,6027,103.91379310344827,0.6061710831620707,0.02855393950347395,-0.03052405302508913,0.03101886155328771,0.03356403016008942,0.05907799252856308
sim2_act,2024,preceding_3,3,all_candidates,58,5889,101.53448275862068,0.6042351655625805,0.068543810583566,-0.06767484825912397,0.0687821341359379,0.0679891716281466,0.13621865884268997
sim2_act,2024,preceding_3,3,same_course_pitch_type_change,58,5682,97.96551724137932,0.6041558775950289,0.027981259956518092,-0.02448637656914657,0.03413809398587071,0.030138282417254438,0.05246763652566466
sim2_act,2024,preceding_3,3,same_pitch_type_course_change,58,5858,101.0,0.6040336098158579,0.028806842153966464,-0.03097995961740802,0.030984107316759314,0.033580487666464716,0.05978680177137448
sim2_act,2024,preceding_4,4,all_candidates,58,4599,79.29310344827586,0.6291938756746738,0.06442286455133121,-0.060842967430395196,0.06461462333306528,0.061137500260433464,0.12526583198172642
sim2_act,2024,preceding_4,4,same_course_pitch_type_change,58,4467,77.01724137931035,0.6297215765403406,0.02503598692814038,-0.02184410432684835,0.030419130954693435,0.02701787205059891,0.04688009125498872
sim2_act,2024,preceding_4,4,same_pitch_type_course_change,58,4574,78.86206896551724,0.6289252566049434,0.026531827793197203,-0.02876552290817699,0.028191467726328412,0.03087745480297047,0.05529735070137419
sim2_act,2024,preceding_5,5,all_candidates,58,2677,46.1551724137931,0.6397696260878886,0.06111130481015063,-0.05981457885924009,0.061322126053319936,0.06010005288640518,0.12092588366939072
sim2_act,2024,preceding_5,5,same_course_pitch_type_change,58,2579,44.46551724137931,0.6390091707706138,0.023967592547651347,-0.02163156433348098,0.029522704843642385,0.026357882118866558,0.04559915688113233
sim2_act,2024,preceding_5,5,same_pitch_type_course_change,58,2667,45.98275862068966,0.6398547800788146,0.02566980370362847,-0.02879266088777407,0.02748391816911556,0.03103629759966818,0.05446246459140254
sim2_act,2025,preceding_1,1,all_candidates,52,5681,109.25,0.6106922820308371,0.06953971131663533,-0.07572404762581321,0.0700844977493406,0.0764610913303388,0.14526375894244856
sim2_act,2025,preceding_1,1,same_course_pitch_type_change,52,5545,106.63461538461539,0.6110671721697967,0.026924959707213376,-0.025341156289372262,0.03306321310594948,0.03229875931122994,0.052266115996585635
sim2_act,2025,preceding_1,1,same_pitch_type_course_change,52,5674,109.11538461538461,0.6105973907404382,0.03384908139884332,-0.03611454785538209,0.03680042830827073,0.04022978571123181,0.06996362925422542
sim2_act,2025,preceding_2,2,all_candidates,52,5342,102.73076923076923,0.6045422721579304,0.06511550949073984,-0.07521119878386683,0.06546435000611805,0.07579062221186011,0.14032670827460667
sim2_act,2025,preceding_2,2,same_course_pitch_type_change,52,5169,99.40384615384616,0.6058199877248793,0.025439418223691723,-0.0263170729022242,0.03140765137712103,0.03259501209099782,0.051756491125915925
sim2_act,2025,preceding_2,2,same_pitch_type_course_change,52,5334,102.57692307692308,0.6045435199638951,0.03151694373254074,-0.03451925556971812,0.03434806056530395,0.037674522484680444,0.06603619930225886
sim2_act,2025,preceding_3,3,all_candidates,52,5411,104.0576923076923,0.6010833199006883,0.06544605305736563,-0.07761446309566655,0.06574593128612147,0.0779686943781486,0.14306051615303217
sim2_act,2025,preceding_3,3,same_course_pitch_type_change,52,5227,100.51923076923077,0.6011585674815741,0.026005004892726374,-0.026971119200896725,0.031332756009146846,0.03272822741996083,0.052976124093623095
sim2_act,2025,preceding_3,3,same_pitch_type_course_change,52,5403,103.90384615384616,0.6010961393518529,0.03279794033405742,-0.035527448184951974,0.035130523593383006,0.038434668278487676,0.06832538851900939
sim2_act,2025,preceding_4,4,all_candidates,52,4275,82.21153846153847,0.6201475426867691,0.05946570197223808,-0.06707202016418733,0.05971801245434908,0.06732208668020684,0.12653772213642542
sim2_act,2025,preceding_4,4,same_course_pitch_type_change,52,4129,79.40384615384616,0.6192480241980718,0.021767619312676924,-0.024924338464479293,0.026910449099963825,0.029498223377759016,0.046691957777156214
sim2_act,2025,preceding_4,4,same_pitch_type_course_change,52,4266,82.03846153846153,0.6198195439979212,0.028388885392680054,-0.03242143284369404,0.030530102807682376,0.034467748664611,0.060810318236374096
sim2_act,2025,preceding_5,5,all_candidates,52,2496,48.0,0.6473586870108737,0.05800845460500789,-0.06715312712864227,0.05821683668286643,0.06748868700304239,0.12516158173365016
sim2_act,2025,preceding_5,5,same_course_pitch_type_change,52,2401,46.17307692307692,0.6453856228610246,0.022258842546475047,-0.024154983731665365,0.027228239494713476,0.02911577423169255,0.04641382627814042
sim2_act,2025,preceding_5,5,same_pitch_type_course_change,52,2493,47.94230769230769,0.6475686925123563,0.029437974997055614,-0.03059516089011943,0.031139436910657618,0.03287637547400502,0.060033135887175036
sim2_sim,2022,preceding_1,1,all_candidates,45,4858,107.95555555555555,0.5724350729658159,0.07555486742768085,-0.08670724313965905,0.0771021058931922,0.08786381507818608,0.1622621105673399
sim2_sim,2022,preceding_1,1,same_course_pitch_type_change,45,4816,107.02222222222223,0.5726852261778389,0.03440841061000643,-0.03598261860158725,0.0411336895940095,0.04222301986672619,0.07039102921159368
sim2_sim,2022,preceding_1,1,same_pitch_type_course_change,45,4858,107.95555555555555,0.5724350729658159,0.03584614518802306,-0.04241179125264897,0.040991869255802844,0.04733657801872998,0.07825793644067204
sim2_sim,2022,preceding_2,2,all_candidates,45,4633,102.95555555555555,0.5656940873225629,0.07378934552565028,-0.09021071481602498,0.07508705178491493,0.09116583470017423,0.16400006034167525
sim2_sim,2022,preceding_2,2,same_course_pitch_type_change,45,4567,101.4888888888889,0.5652931617776956,0.033420948088895064,-0.03684302546895674,0.039932634409414136,0.04243165628380953,0.0702639735578518
sim2_sim,2022,preceding_2,2,same_pitch_type_course_change,45,4633,102.95555555555555,0.5656940873225629,0.033880157936060716,-0.042983396085706595,0.038807447246251195,0.047101076695001944,0.07686355402176731
sim2_sim,2022,preceding_3,3,all_candidates,45,4826,107.24444444444444,0.5614680097259135,0.07690370158114651,-0.08827911943817071,0.07756734240104482,0.08908306132109099,0.16518282101931725
sim2_sim,2022,preceding_3,3,same_course_pitch_type_change,45,4765,105.88888888888889,0.560364131823001,0.03737353629983243,-0.033675267677402254,0.042176907056582516,0.03936683822629195,0.07104880397723469
sim2_sim,2022,preceding_3,3,same_pitch_type_course_change,45,4826,107.24444444444444,0.5614680097259135,0.03734351288952401,-0.040984548838518035,0.04062969188639248,0.04477163280292147,0.07832806172804206
sim2_sim,2022,preceding_4,4,all_candidates,45,3668,81.5111111111111,0.5772185135412133,0.07144740435573758,-0.08374786541387716,0.07214010877536536,0.08434660163468559,0.15519526976961473
sim2_sim,2022,preceding_4,4,same_course_pitch_type_change,45,3613,80.28888888888889,0.5767713397606622,0.03236030121351796,-0.03420370401058397,0.03731580355492084,0.03901586723078955,0.06656400522410193
sim2_sim,2022,preceding_4,4,same_pitch_type_course_change,45,3668,81.5111111111111,0.5772185135412133,0.03402371020112887,-0.038710642995927566,0.03711265538598597,0.041644171715994556,0.07273435319705644
sim2_sim,2022,preceding_5,5,all_candidates,45,2096,46.577777777777776,0.5954799059409512,0.06858216792753973,-0.07895358829330257,0.06903152390973151,0.07953619081286722,0.1475357562208423
sim2_sim,2022,preceding_5,5,same_course_pitch_type_change,45,2053,45.62222222222222,0.5947515512910919,0.033038722048351,-0.029876934404192826,0.03707884400603583,0.034778535804690446,0.06291565645254382
sim2_sim,2022,preceding_5,5,same_pitch_type_course_change,45,2096,46.577777777777776,0.5954799059409512,0.03312759168175324,-0.034604775846990884,0.03538142691748045,0.0375548452345266,0.06773236752874413
sim2_sim,2023,preceding_1,1,all_candidates,44,5050,114.77272727272727,0.5962194408155295,0.0653516130960884,-0.07249509467394398,0.06689556029393356,0.07375090737280664,0.13784670777003238
sim2_sim,2023,preceding_1,1,same_course_pitch_type_change,44,5005,113.75,0.5959569144523763,0.03111879041198716,-0.03038466559464892,0.03674125249657062,0.03570632607809578,0.061503456006636086
sim2_sim,2023,preceding_1,1,same_pitch_type_course_change,44,5050,114.77272727272727,0.5962194408155295,0.03269217532329611,-0.033830614488656714,0.03715351765338034,0.03934925767057187,0.06652278981195282
sim2_sim,2023,preceding_2,2,all_candidates,44,4739,107.70454545454545,0.598512189072657,0.058871569108538684,-0.07381310243495537,0.05998511927629035,0.07452378447413364,0.13268467154349406
sim2_sim,2023,preceding_2,2,same_course_pitch_type_change,44,4682,106.4090909090909,0.5986938454532771,0.02808750459702216,-0.03270927313876612,0.03321540493151936,0.03669470387848501,0.06079677773578828
sim2_sim,2023,preceding_2,2,same_pitch_type_course_change,44,4739,107.70454545454545,0.598512189072657,0.026407449321993823,-0.03518805857484551,0.030526153956023507,0.03854117146051307,0.061595507896839326
sim2_sim,2023,preceding_3,3,all_candidates,44,4599,104.52272727272727,0.5952841743796073,0.06120349413518062,-0.07080643056502459,0.061957592665521484,0.07150504299105394,0.13200992470020523
sim2_sim,2023,preceding_3,3,same_course_pitch_type_change,44,4528,102.9090909090909,0.5948584710773536,0.031088302668028266,-0.02986632127496013,0.03503814467806477,0.03401702333172415,0.0609546239429884
sim2_sim,2023,preceding_3,3,same_pitch_type_course_change,44,4599,104.52272727272727,0.5952841743796073,0.02852382214935757,-0.03309667618546714,0.03171490812370734,0.03643448072881422,0.061620498334824705
sim2_sim,2023,preceding_4,4,all_candidates,44,3637,82.6590909090909,0.6180632486561278,0.05973376156715036,-0.06833837126064768,0.06024723672347887,0.06904590615814109,0.12807213282779803
sim2_sim,2023,preceding_4,4,same_course_pitch_type_change,44,3584,81.45454545454545,0.6175012141878587,0.028769900101604375,-0.029442566573274074,0.03246468773007852,0.03320400160633243,0.05821246667487845
sim2_sim,2023,preceding_4,4,same_pitch_type_course_change,44,3637,82.6590909090909,0.6180632486561278,0.02838388532034776,-0.03185301294399639,0.03090995683027705,0.034936236643580136,0.06023689826434415
sim2_sim,2023,preceding_5,5,all_candidates,44,2093,47.56818181818182,0.6432704698984627,0.05663462382989282,-0.06627627456900055,0.05730400468234214,0.06694253643716096,0.12291089839889337
sim2_sim,2023,preceding_5,5,same_course_pitch_type_change,44,2051,46.61363636363637,0.6430608940204746,0.028627962446266753,-0.027168332150472433,0.032113003415027014,0.03113768584318471,0.05579629459673919
sim2_sim,2023,preceding_5,5,same_pitch_type_course_change,44,2093,47.56818181818182,0.6432704698984627,0.027840585341041713,-0.02835910268876186,0.030041409511510263,0.031427637042090846,0.056199688029803574
sim2_sim,2024,preceding_1,1,all_candidates,58,6328,109.10344827586206,0.6085760487302816,0.06688772661084424,-0.06561684716059527,0.06805957479393776,0.06696342395900717,0.1325045737714395
sim2_sim,2024,preceding_1,1,same_course_pitch_type_change,58,6292,108.48275862068965,0.6086449229932274,0.03524911991549058,-0.028729735932817198,0.03998283932163601,0.03400013481280017,0.06397885584830777
sim2_sim,2024,preceding_1,1,same_pitch_type_course_change,58,6327,109.08620689655173,0.6085677576170616,0.031258015908572974,-0.02752825547500037,0.03527146338242987,0.03388776885782553,0.05878627138357334
sim2_sim,2024,preceding_2,2,all_candidates,58,6058,104.44827586206897,0.6064668838442246,0.06062063586580148,-0.06497702812130415,0.061611540384348976,0.06584299801223271,0.12559766398710565
sim2_sim,2024,preceding_2,2,same_course_pitch_type_change,58,5978,103.06896551724138,0.6060585738941235,0.033269119105078834,-0.030131499028685848,0.0377096848529683,0.03428142574619451,0.06340061813376469
sim2_sim,2024,preceding_2,2,same_pitch_type_course_change,58,6058,104.44827586206897,0.6064668838442246,0.025442319950175953,-0.028361196561166282,0.029044437056978855,0.03230700013827679,0.053803516511342235
sim2_sim,2024,preceding_3,3,all_candidates,58,5889,101.53448275862068,0.6042351655625805,0.0625529863406966,-0.06480343360634536,0.06320862419680637,0.0653433669181363,0.12735641994704194
sim2_sim,2024,preceding_3,3,same_course_pitch_type_change,58,5801,100.01724137931035,0.6039957585439882,0.03407322281283394,-0.028655236179070412,0.038098640565518656,0.03270474790336944,0.06272845899190435
sim2_sim,2024,preceding_3,3,same_pitch_type_course_change,58,5889,101.53448275862068,0.6042351655625805,0.026651925867657262,-0.027675051515165833,0.029327252066879608,0.031039377985681547,0.05432697738282309
sim2_sim,2024,preceding_4,4,all_candidates,58,4599,79.29310344827586,0.6291938756746738,0.05849022561845572,-0.058667264948964105,0.058967542016328964,0.05912860120860082,0.11715749056741981
sim2_sim,2024,preceding_4,4,same_course_pitch_type_change,58,4526,78.03448275862068,0.6293209530682852,0.030680178497139218,-0.025612154383904108,0.034148961369152464,0.029174654572192288,0.05629233288104332
sim2_sim,2024,preceding_4,4,same_pitch_type_course_change,58,4599,79.29310344827586,0.6291938756746738,0.024474797562455596,-0.02633685584004539,0.02659057029217257,0.028820055025562882,0.05081165340250099
sim2_sim,2024,preceding_5,5,all_candidates,58,2677,46.1551724137931,0.6397696260878886,0.05659308845469861,-0.05612062339118838,0.05708473069650345,0.05676730443591177,0.11271371184588698
sim2_sim,2024,preceding_5,5,same_course_pitch_type_change,58,2625,45.258620689655174,0.6386227376459263,0.030004292993237265,-0.024480348870249115,0.03342603968619665,0.02820164326918266,0.05448464186348639
sim2_sim,2024,preceding_5,5,same_pitch_type_course_change,58,2677,46.1551724137931,0.6397696260878886,0.024308130234481418,-0.024643964188512876,0.026283651850508256,0.02764488018838532,0.04895209442299429
sim2_sim,2025,preceding_1,1,all_candidates,52,5681,109.25,0.6106922820308371,0.06243911277661573,-0.07013460894185795,0.06382688350807172,0.07156164350728783,0.13257372171847367
sim2_sim,2025,preceding_1,1,same_course_pitch_type_change,52,5627,108.21153846153847,0.6108808003529084,0.03009075112182105,-0.029843314117774397,0.035219793166506835,0.035593286001651556,0.05993406523959545
sim2_sim,2025,preceding_1,1,same_pitch_type_course_change,52,5681,109.25,0.6106922820308371,0.030617928304301125,-0.03405770613019524,0.035082874267321165,0.03947127584834689,0.06467563443449637
sim2_sim,2025,preceding_2,2,all_candidates,52,5342,102.73076923076923,0.6045422721579304,0.05886445321608081,-0.07246197393241474,0.05968660939607176,0.07346412149415321,0.13132642714849554
sim2_sim,2025,preceding_2,2,same_course_pitch_type_change,52,5272,101.38461538461539,0.6047499939711822,0.028782955122548137,-0.03185183176924558,0.03337109962433797,0.03673930833376014,0.060634786891793725
sim2_sim,2025,preceding_2,2,same_pitch_type_course_change,52,5342,102.73076923076923,0.6045422721579304,0.02792829455995224,-0.033196078243249216,0.031746988815150104,0.03700005803301186,0.06112437280320146
sim2_sim,2025,preceding_3,3,all_candidates,52,5411,104.0576923076923,0.6010833199006883,0.05999778409927513,-0.07320990291915165,0.060579015943815664,0.07390595588116135,0.13320768701842678
sim2_sim,2025,preceding_3,3,same_course_pitch_type_change,52,5315,102.21153846153847,0.600787195028029,0.02983939307417329,-0.031058115441754932,0.033645549059866275,0.035718316016736404,0.06089750851592823
sim2_sim,2025,preceding_3,3,same_pitch_type_course_change,52,5411,104.0576923076923,0.6010833199006883,0.02993795169484069,-0.03260088051886091,0.032826999359766566,0.036130246780691676,0.0625388322137016
sim2_sim,2025,preceding_4,4,all_candidates,52,4275,82.21153846153847,0.6201475426867691,0.05241656609319015,-0.064888021389206,0.05305075756359068,0.06530333102263242,0.11730458748239615
sim2_sim,2025,preceding_4,4,same_course_pitch_type_change,52,4198,80.73076923076923,0.6193724026515817,0.024600043454527907,-0.029191253140142655,0.02838197594040205,0.032758901290439284,0.05379129659467056
sim2_sim,2025,preceding_4,4,same_pitch_type_course_change,52,4275,82.21153846153847,0.6201475426867691,0.024707505759147576,-0.030468276608474502,0.027496763463431214,0.03289172707557786,0.05517578236762208
sim2_sim,2025,preceding_5,5,all_candidates,52,2496,48.0,0.6473586870108737,0.053676472227712206,-0.06199362125179176,0.054095776365132006,0.06260783767439002,0.11567009347950398
sim2_sim,2025,preceding_5,5,same_course_pitch_type_change,52,2437,46.86538461538461,0.6461946383924956,0.026456095895950806,-0.027121944275440193,0.030071401549403624,0.031237870821282456,0.053578040171391006
sim2_sim,2025,preceding_5,5,same_pitch_type_course_change,52,2496,48.0,0.6473586870108737,0.027381594772444715,-0.027028078653850336,0.029232203974974023,0.02990607186820001,0.054409673426295053
